"Id";"Designator";"Footprint";"Quantity";"Designation";"Supplier and ref";
1;"BZ1";"PinHeader_1x02_P2.54mm_Vertical";1;"Buzzer";;;
2;"C1";"C_Disc_D3.8mm_W2.6mm_P2.50mm";1;"C";;;
3;"D2";"LED_Inolux_IN-P55TATRGB_PLCC6_5.0x5.5mm_P1.8mm";1;"Inolux_IN-P55TATRGB";;;
4;"J1";"PinHeader_2x01_P2.54mm_Vertical";1;"Conn_02x01";;;
5;"J2";"PinSocket_1x07_P2.54mm_Vertical";1;"Conn_01x07_Pin";;;
6;"J3";"PinHeader_2x03_P2.54mm_Vertical";1;"Conn_02x03_Odd_Even";;;
7;"J4";"PinHeader_1x01_P2.54mm_Vertical";1;"Conn_01x01_Pin";;;
8;"Q1";"TO-92_Inline";1;"BC557";;;
9;"R1, R2, R3";"R_Axial_DIN0207_L6.3mm_D2.5mm_P7.62mm_Horizontal";3;"R";;;
10;"SW1, SW2, SW3, SW4, SW5, SW6, SW7";"SW_Push_1TS009xxxx-xxxx-xxxx_6x6x5mm";7;"SW_Push";;;
11;"SW8";"SW_Slide-03_Wuerth-WS-SLTV_10x2.5x6.4_P2.54mm";1;"SW_SPDT";;;
12;"U1";"ProMicro";1;"ProMicro";;;
13;"U2";"SOIC-8_5.3x5.3mm_P1.27mm";1;"W25Q128JVS";;;
